,Game_ID,away_team,bet_format,home_team,name_away,name_home,price_away,price_home,site_title
0,2647c9e2bee2448aff8cd9f719e18227,Memphis Grizzlies,h2h,Minnesota Timberwolves,Minnesota Timberwolves,Memphis Grizzlies,115.0,-135.0,BetOnline.ag
1,2647c9e2bee2448aff8cd9f719e18227,Memphis Grizzlies,spreads,Minnesota Timberwolves,Minnesota Timberwolves,Memphis Grizzlies,-105.0,-115.0,BetOnline.ag
2,2647c9e2bee2448aff8cd9f719e18227,Memphis Grizzlies,h2h,Minnesota Timberwolves,Minnesota Timberwolves,Memphis Grizzlies,112.0,-132.0,FanDuel
3,2647c9e2bee2448aff8cd9f719e18227,Memphis Grizzlies,spreads,Minnesota Timberwolves,Minnesota Timberwolves,Memphis Grizzlies,-108.0,-112.0,FanDuel
4,2647c9e2bee2448aff8cd9f719e18227,Memphis Grizzlies,h2h,Minnesota Timberwolves,Minnesota Timberwolves,Memphis Grizzlies,110.0,-130.0,DraftKings
5,2647c9e2bee2448aff8cd9f719e18227,Memphis Grizzlies,spreads,Minnesota Timberwolves,Minnesota Timberwolves,Memphis Grizzlies,-110.0,-110.0,DraftKings
6,2647c9e2bee2448aff8cd9f719e18227,Memphis Grizzlies,h2h,Minnesota Timberwolves,Minnesota Timberwolves,Memphis Grizzlies,115.0,-135.0,LowVig.ag
7,2647c9e2bee2448aff8cd9f719e18227,Memphis Grizzlies,spreads,Minnesota Timberwolves,Minnesota Timberwolves,Memphis Grizzlies,100.0,-110.0,LowVig.ag
8,2647c9e2bee2448aff8cd9f719e18227,Memphis Grizzlies,h2h,Minnesota Timberwolves,Minnesota Timberwolves,Memphis Grizzlies,120.0,-145.0,BetMGM
9,2647c9e2bee2448aff8cd9f719e18227,Memphis Grizzlies,spreads,Minnesota Timberwolves,Minnesota Timberwolves,Memphis Grizzlies,-110.0,-110.0,BetMGM
10,2647c9e2bee2448aff8cd9f719e18227,Memphis Grizzlies,h2h,Minnesota Timberwolves,Minnesota Timberwolves,Memphis Grizzlies,105.0,-139.0,FOX Bet
11,2647c9e2bee2448aff8cd9f719e18227,Memphis Grizzlies,spreads,Minnesota Timberwolves,Minnesota Timberwolves,Memphis Grizzlies,-110.0,-110.0,FOX Bet
12,2647c9e2bee2448aff8cd9f719e18227,Memphis Grizzlies,h2h,Minnesota Timberwolves,Minnesota Timberwolves,Memphis Grizzlies,115.0,-135.0,William Hill (US)
13,2647c9e2bee2448aff8cd9f719e18227,Memphis Grizzlies,spreads,Minnesota Timberwolves,Minnesota Timberwolves,Memphis Grizzlies,-110.0,-110.0,William Hill (US)
14,2647c9e2bee2448aff8cd9f719e18227,Memphis Grizzlies,h2h,Minnesota Timberwolves,Minnesota Timberwolves,Memphis Grizzlies,110.0,-130.0,WynnBET
15,2647c9e2bee2448aff8cd9f719e18227,Memphis Grizzlies,h2h,Minnesota Timberwolves,Minnesota Timberwolves,Memphis Grizzlies,110.0,-130.0,Intertops
16,2647c9e2bee2448aff8cd9f719e18227,Memphis Grizzlies,spreads,Minnesota Timberwolves,Minnesota Timberwolves,Memphis Grizzlies,-105.0,-115.0,Intertops
17,2647c9e2bee2448aff8cd9f719e18227,Memphis Grizzlies,h2h,Minnesota Timberwolves,Minnesota Timberwolves,Memphis Grizzlies,108.0,-129.0,TwinSpires
18,2647c9e2bee2448aff8cd9f719e18227,Memphis Grizzlies,spreads,Minnesota Timberwolves,Minnesota Timberwolves,Memphis Grizzlies,-112.0,-109.0,TwinSpires
19,2647c9e2bee2448aff8cd9f719e18227,Memphis Grizzlies,h2h,Minnesota Timberwolves,Minnesota Timberwolves,Memphis Grizzlies,108.0,-128.0,Unibet
20,2647c9e2bee2448aff8cd9f719e18227,Memphis Grizzlies,spreads,Minnesota Timberwolves,Minnesota Timberwolves,Memphis Grizzlies,-111.0,-109.0,Unibet
21,2647c9e2bee2448aff8cd9f719e18227,Memphis Grizzlies,h2h,Minnesota Timberwolves,Minnesota Timberwolves,Memphis Grizzlies,108.0,-129.0,BetRivers
22,2647c9e2bee2448aff8cd9f719e18227,Memphis Grizzlies,spreads,Minnesota Timberwolves,Minnesota Timberwolves,Memphis Grizzlies,-112.0,-109.0,BetRivers
23,2647c9e2bee2448aff8cd9f719e18227,Memphis Grizzlies,h2h,Minnesota Timberwolves,Minnesota Timberwolves,Memphis Grizzlies,108.0,-129.0,Barstool Sportsbook
24,2647c9e2bee2448aff8cd9f719e18227,Memphis Grizzlies,spreads,Minnesota Timberwolves,Minnesota Timberwolves,Memphis Grizzlies,-112.0,-109.0,Barstool Sportsbook
25,2647c9e2bee2448aff8cd9f719e18227,Memphis Grizzlies,h2h,Minnesota Timberwolves,Minnesota Timberwolves,Memphis Grizzlies,108.0,-129.0,SugarHouse
26,2647c9e2bee2448aff8cd9f719e18227,Memphis Grizzlies,spreads,Minnesota Timberwolves,Minnesota Timberwolves,Memphis Grizzlies,-112.0,-109.0,SugarHouse
27,2647c9e2bee2448aff8cd9f719e18227,Memphis Grizzlies,h2h,Minnesota Timberwolves,Minnesota Timberwolves,Memphis Grizzlies,110.0,-130.0,BetUS
28,2647c9e2bee2448aff8cd9f719e18227,Memphis Grizzlies,spreads,Minnesota Timberwolves,Minnesota Timberwolves,Memphis Grizzlies,-110.0,-110.0,BetUS
29,2647c9e2bee2448aff8cd9f719e18227,Memphis Grizzlies,h2h,Minnesota Timberwolves,Minnesota Timberwolves,Memphis Grizzlies,115.0,-135.0,GTbets
30,2647c9e2bee2448aff8cd9f719e18227,Memphis Grizzlies,spreads,Minnesota Timberwolves,Minnesota Timberwolves,Memphis Grizzlies,-109.0,-109.0,GTbets
31,2647c9e2bee2448aff8cd9f719e18227,Memphis Grizzlies,h2h,Minnesota Timberwolves,Minnesota Timberwolves,Memphis Grizzlies,120.0,-140.0,Bovada
32,2647c9e2bee2448aff8cd9f719e18227,Memphis Grizzlies,spreads,Minnesota Timberwolves,Minnesota Timberwolves,Memphis Grizzlies,-105.0,-115.0,Bovada
33,2647c9e2bee2448aff8cd9f719e18227,Memphis Grizzlies,h2h,Minnesota Timberwolves,Minnesota Timberwolves,Memphis Grizzlies,120.0,-123.0,Betfair
34,2647c9e2bee2448aff8cd9f719e18227,Memphis Grizzlies,h2h_lay,Minnesota Timberwolves,Minnesota Timberwolves,Memphis Grizzlies,124.0,-119.0,Betfair
35,2647c9e2bee2448aff8cd9f719e18227,Memphis Grizzlies,h2h,Minnesota Timberwolves,Minnesota Timberwolves,Memphis Grizzlies,120.0,-140.0,MyBookie.ag
36,2647c9e2bee2448aff8cd9f719e18227,Memphis Grizzlies,spreads,Minnesota Timberwolves,Minnesota Timberwolves,Memphis Grizzlies,-105.0,-115.0,MyBookie.ag
37,2647c9e2bee2448aff8cd9f719e18227,Memphis Grizzlies,h2h,Minnesota Timberwolves,Minnesota Timberwolves,Memphis Grizzlies,110.0,-131.0,PointsBet (US)
38,2647c9e2bee2448aff8cd9f719e18227,Memphis Grizzlies,spreads,Minnesota Timberwolves,Minnesota Timberwolves,Memphis Grizzlies,-110.0,-110.0,PointsBet (US)
39,ff9b37d3b14de9f0e5319e0816416789,Dallas Mavericks,h2h,Utah Jazz,Utah Jazz,Dallas Mavericks,-340.0,275.0,FanDuel
40,ff9b37d3b14de9f0e5319e0816416789,Dallas Mavericks,spreads,Utah Jazz,Utah Jazz,Dallas Mavericks,-114.0,-106.0,FanDuel
41,ff9b37d3b14de9f0e5319e0816416789,Dallas Mavericks,h2h,Utah Jazz,Utah Jazz,Dallas Mavericks,-350.0,270.0,DraftKings
42,ff9b37d3b14de9f0e5319e0816416789,Dallas Mavericks,spreads,Utah Jazz,Utah Jazz,Dallas Mavericks,-110.0,-110.0,DraftKings
43,ff9b37d3b14de9f0e5319e0816416789,Dallas Mavericks,h2h,Utah Jazz,Utah Jazz,Dallas Mavericks,-350.0,275.0,BetMGM
44,ff9b37d3b14de9f0e5319e0816416789,Dallas Mavericks,spreads,Utah Jazz,Utah Jazz,Dallas Mavericks,-115.0,-105.0,BetMGM
45,ff9b37d3b14de9f0e5319e0816416789,Dallas Mavericks,h2h,Utah Jazz,Utah Jazz,Dallas Mavericks,-400.0,275.0,FOX Bet
46,ff9b37d3b14de9f0e5319e0816416789,Dallas Mavericks,spreads,Utah Jazz,Utah Jazz,Dallas Mavericks,-110.0,-110.0,FOX Bet
47,ff9b37d3b14de9f0e5319e0816416789,Dallas Mavericks,h2h,Utah Jazz,Utah Jazz,Dallas Mavericks,-350.0,280.0,William Hill (US)
48,ff9b37d3b14de9f0e5319e0816416789,Dallas Mavericks,spreads,Utah Jazz,Utah Jazz,Dallas Mavericks,-110.0,-110.0,William Hill (US)
49,ff9b37d3b14de9f0e5319e0816416789,Dallas Mavericks,h2h,Utah Jazz,Utah Jazz,Dallas Mavericks,-335.0,255.0,Barstool Sportsbook
50,ff9b37d3b14de9f0e5319e0816416789,Dallas Mavericks,spreads,Utah Jazz,Utah Jazz,Dallas Mavericks,-110.0,-110.0,Barstool Sportsbook
51,ff9b37d3b14de9f0e5319e0816416789,Dallas Mavericks,h2h,Utah Jazz,Utah Jazz,Dallas Mavericks,-335.0,255.0,TwinSpires
52,ff9b37d3b14de9f0e5319e0816416789,Dallas Mavericks,spreads,Utah Jazz,Utah Jazz,Dallas Mavericks,-110.0,-110.0,TwinSpires
53,ff9b37d3b14de9f0e5319e0816416789,Dallas Mavericks,h2h,Utah Jazz,Utah Jazz,Dallas Mavericks,-335.0,255.0,BetRivers
54,ff9b37d3b14de9f0e5319e0816416789,Dallas Mavericks,spreads,Utah Jazz,Utah Jazz,Dallas Mavericks,-110.0,-110.0,BetRivers
55,ff9b37d3b14de9f0e5319e0816416789,Dallas Mavericks,h2h,Utah Jazz,Utah Jazz,Dallas Mavericks,-335.0,255.0,SugarHouse
56,ff9b37d3b14de9f0e5319e0816416789,Dallas Mavericks,spreads,Utah Jazz,Utah Jazz,Dallas Mavericks,-110.0,-110.0,SugarHouse
57,ff9b37d3b14de9f0e5319e0816416789,Dallas Mavericks,h2h,Utah Jazz,Utah Jazz,Dallas Mavericks,-333.0,255.0,Unibet
58,ff9b37d3b14de9f0e5319e0816416789,Dallas Mavericks,spreads,Utah Jazz,Utah Jazz,Dallas Mavericks,-110.0,-110.0,Unibet
59,ff9b37d3b14de9f0e5319e0816416789,Dallas Mavericks,h2h,Utah Jazz,Utah Jazz,Dallas Mavericks,-355.0,270.0,GTbets
60,ff9b37d3b14de9f0e5319e0816416789,Dallas Mavericks,spreads,Utah Jazz,Utah Jazz,Dallas Mavericks,-109.0,-109.0,GTbets
61,ff9b37d3b14de9f0e5319e0816416789,Dallas Mavericks,h2h,Utah Jazz,Utah Jazz,Dallas Mavericks,-355.0,285.0,LowVig.ag
62,ff9b37d3b14de9f0e5319e0816416789,Dallas Mavericks,spreads,Utah Jazz,Utah Jazz,Dallas Mavericks,-105.0,-105.0,LowVig.ag
63,ff9b37d3b14de9f0e5319e0816416789,Dallas Mavericks,h2h,Utah Jazz,Utah Jazz,Dallas Mavericks,-357.0,285.0,BetOnline.ag
64,ff9b37d3b14de9f0e5319e0816416789,Dallas Mavericks,spreads,Utah Jazz,Utah Jazz,Dallas Mavericks,-111.0,-111.0,BetOnline.ag
65,ff9b37d3b14de9f0e5319e0816416789,Dallas Mavericks,h2h,Utah Jazz,Utah Jazz,Dallas Mavericks,-323.0,320.0,Betfair
66,ff9b37d3b14de9f0e5319e0816416789,Dallas Mavericks,h2h_lay,Utah Jazz,Utah Jazz,Dallas Mavericks,-312.0,330.0,Betfair
67,ff9b37d3b14de9f0e5319e0816416789,Dallas Mavericks,h2h,Utah Jazz,Utah Jazz,Dallas Mavericks,-350.0,290.0,BetUS
68,ff9b37d3b14de9f0e5319e0816416789,Dallas Mavericks,spreads,Utah Jazz,Utah Jazz,Dallas Mavericks,-110.0,-110.0,BetUS
69,ff9b37d3b14de9f0e5319e0816416789,Dallas Mavericks,h2h,Utah Jazz,Utah Jazz,Dallas Mavericks,-340.0,270.0,Bovada
70,ff9b37d3b14de9f0e5319e0816416789,Dallas Mavericks,spreads,Utah Jazz,Utah Jazz,Dallas Mavericks,-110.0,-110.0,Bovada
71,ff9b37d3b14de9f0e5319e0816416789,Dallas Mavericks,h2h,Utah Jazz,Utah Jazz,Dallas Mavericks,-385.0,300.0,WynnBET
72,ff9b37d3b14de9f0e5319e0816416789,Dallas Mavericks,spreads,Utah Jazz,Utah Jazz,Dallas Mavericks,-112.0,-104.0,WynnBET
73,ff9b37d3b14de9f0e5319e0816416789,Dallas Mavericks,h2h,Utah Jazz,Utah Jazz,Dallas Mavericks,-330.0,270.0,Intertops
74,ff9b37d3b14de9f0e5319e0816416789,Dallas Mavericks,spreads,Utah Jazz,Utah Jazz,Dallas Mavericks,-110.0,-110.0,Intertops
75,ff9b37d3b14de9f0e5319e0816416789,Dallas Mavericks,h2h,Utah Jazz,Utah Jazz,Dallas Mavericks,-350.0,280.0,MyBookie.ag
76,ff9b37d3b14de9f0e5319e0816416789,Dallas Mavericks,spreads,Utah Jazz,Utah Jazz,Dallas Mavericks,-110.0,-110.0,MyBookie.ag
77,ff9b37d3b14de9f0e5319e0816416789,Dallas Mavericks,h2h,Utah Jazz,Utah Jazz,Dallas Mavericks,-351.0,280.0,PointsBet (US)
78,ff9b37d3b14de9f0e5319e0816416789,Dallas Mavericks,spreads,Utah Jazz,Utah Jazz,Dallas Mavericks,-110.0,-110.0,PointsBet (US)
79,9971e4841a520772a8ec99fc468ee7be,Golden State Warriors,h2h,Denver Nuggets,Golden State Warriors,Denver Nuggets,-134.0,114.0,FanDuel
80,9971e4841a520772a8ec99fc468ee7be,Golden State Warriors,spreads,Denver Nuggets,Golden State Warriors,Denver Nuggets,-108.0,-112.0,FanDuel
81,9971e4841a520772a8ec99fc468ee7be,Golden State Warriors,h2h,Denver Nuggets,Golden State Warriors,Denver Nuggets,-130.0,110.0,DraftKings
82,9971e4841a520772a8ec99fc468ee7be,Golden State Warriors,spreads,Denver Nuggets,Golden State Warriors,Denver Nuggets,-110.0,-110.0,DraftKings
83,9971e4841a520772a8ec99fc468ee7be,Golden State Warriors,h2h,Denver Nuggets,Golden State Warriors,Denver Nuggets,-143.0,110.0,FOX Bet
84,9971e4841a520772a8ec99fc468ee7be,Golden State Warriors,spreads,Denver Nuggets,Golden State Warriors,Denver Nuggets,-110.0,-110.0,FOX Bet
85,9971e4841a520772a8ec99fc468ee7be,Golden State Warriors,h2h,Denver Nuggets,Golden State Warriors,Denver Nuggets,-135.0,115.0,BetMGM
86,9971e4841a520772a8ec99fc468ee7be,Golden State Warriors,spreads,Denver Nuggets,Golden State Warriors,Denver Nuggets,-105.0,-115.0,BetMGM
87,9971e4841a520772a8ec99fc468ee7be,Golden State Warriors,h2h,Denver Nuggets,Golden State Warriors,Denver Nuggets,-129.0,108.0,BetRivers
88,9971e4841a520772a8ec99fc468ee7be,Golden State Warriors,spreads,Denver Nuggets,Golden State Warriors,Denver Nuggets,-112.0,-110.0,BetRivers
89,9971e4841a520772a8ec99fc468ee7be,Golden State Warriors,h2h,Denver Nuggets,Golden State Warriors,Denver Nuggets,-129.0,108.0,TwinSpires
90,9971e4841a520772a8ec99fc468ee7be,Golden State Warriors,spreads,Denver Nuggets,Golden State Warriors,Denver Nuggets,-112.0,-110.0,TwinSpires
91,9971e4841a520772a8ec99fc468ee7be,Golden State Warriors,h2h,Denver Nuggets,Golden State Warriors,Denver Nuggets,-129.0,108.0,Barstool Sportsbook
92,9971e4841a520772a8ec99fc468ee7be,Golden State Warriors,spreads,Denver Nuggets,Golden State Warriors,Denver Nuggets,-112.0,-110.0,Barstool Sportsbook
93,9971e4841a520772a8ec99fc468ee7be,Golden State Warriors,h2h,Denver Nuggets,Golden State Warriors,Denver Nuggets,-129.0,108.0,SugarHouse
94,9971e4841a520772a8ec99fc468ee7be,Golden State Warriors,spreads,Denver Nuggets,Golden State Warriors,Denver Nuggets,-112.0,-110.0,SugarHouse
95,9971e4841a520772a8ec99fc468ee7be,Golden State Warriors,h2h,Denver Nuggets,Golden State Warriors,Denver Nuggets,-128.0,108.0,Unibet
96,9971e4841a520772a8ec99fc468ee7be,Golden State Warriors,spreads,Denver Nuggets,Golden State Warriors,Denver Nuggets,-111.0,-110.0,Unibet
97,9971e4841a520772a8ec99fc468ee7be,Golden State Warriors,h2h,Denver Nuggets,Golden State Warriors,Denver Nuggets,-125.0,122.0,Betfair
98,9971e4841a520772a8ec99fc468ee7be,Golden State Warriors,h2h_lay,Denver Nuggets,Golden State Warriors,Denver Nuggets,-122.0,126.0,Betfair
99,9971e4841a520772a8ec99fc468ee7be,Golden State Warriors,h2h,Denver Nuggets,Golden State Warriors,Denver Nuggets,-130.0,110.0,WynnBET
100,9971e4841a520772a8ec99fc468ee7be,Golden State Warriors,spreads,Denver Nuggets,Golden State Warriors,Denver Nuggets,-108.0,-108.0,WynnBET
101,9971e4841a520772a8ec99fc468ee7be,Golden State Warriors,h2h,Denver Nuggets,Golden State Warriors,Denver Nuggets,-135.0,115.0,William Hill (US)
102,9971e4841a520772a8ec99fc468ee7be,Golden State Warriors,spreads,Denver Nuggets,Golden State Warriors,Denver Nuggets,-110.0,-110.0,William Hill (US)
103,9971e4841a520772a8ec99fc468ee7be,Golden State Warriors,h2h,Denver Nuggets,Golden State Warriors,Denver Nuggets,-135.0,115.0,GTbets
104,9971e4841a520772a8ec99fc468ee7be,Golden State Warriors,spreads,Denver Nuggets,Golden State Warriors,Denver Nuggets,-109.0,-109.0,GTbets
105,9971e4841a520772a8ec99fc468ee7be,Golden State Warriors,h2h,Denver Nuggets,Golden State Warriors,Denver Nuggets,-141.0,120.0,BetOnline.ag
106,9971e4841a520772a8ec99fc468ee7be,Golden State Warriors,spreads,Denver Nuggets,Golden State Warriors,Denver Nuggets,-111.0,-111.0,BetOnline.ag
107,9971e4841a520772a8ec99fc468ee7be,Golden State Warriors,h2h,Denver Nuggets,Golden State Warriors,Denver Nuggets,-140.0,120.0,LowVig.ag
108,9971e4841a520772a8ec99fc468ee7be,Golden State Warriors,spreads,Denver Nuggets,Golden State Warriors,Denver Nuggets,-105.0,-105.0,LowVig.ag
109,9971e4841a520772a8ec99fc468ee7be,Golden State Warriors,h2h,Denver Nuggets,Golden State Warriors,Denver Nuggets,-135.0,115.0,BetUS
110,9971e4841a520772a8ec99fc468ee7be,Golden State Warriors,spreads,Denver Nuggets,Golden State Warriors,Denver Nuggets,-110.0,-110.0,BetUS
111,9971e4841a520772a8ec99fc468ee7be,Golden State Warriors,h2h,Denver Nuggets,Golden State Warriors,Denver Nuggets,-145.0,125.0,Bovada
112,9971e4841a520772a8ec99fc468ee7be,Golden State Warriors,spreads,Denver Nuggets,Golden State Warriors,Denver Nuggets,-110.0,-110.0,Bovada
113,9971e4841a520772a8ec99fc468ee7be,Golden State Warriors,h2h,Denver Nuggets,Golden State Warriors,Denver Nuggets,-145.0,125.0,Intertops
114,9971e4841a520772a8ec99fc468ee7be,Golden State Warriors,spreads,Denver Nuggets,Golden State Warriors,Denver Nuggets,-110.0,-110.0,Intertops
115,9971e4841a520772a8ec99fc468ee7be,Golden State Warriors,h2h,Denver Nuggets,Golden State Warriors,Denver Nuggets,-145.0,125.0,MyBookie.ag
116,9971e4841a520772a8ec99fc468ee7be,Golden State Warriors,spreads,Denver Nuggets,Golden State Warriors,Denver Nuggets,-105.0,-115.0,MyBookie.ag
117,9971e4841a520772a8ec99fc468ee7be,Golden State Warriors,h2h,Denver Nuggets,Golden State Warriors,Denver Nuggets,-136.0,110.0,PointsBet (US)
118,9971e4841a520772a8ec99fc468ee7be,Golden State Warriors,spreads,Denver Nuggets,Golden State Warriors,Denver Nuggets,-110.0,-110.0,PointsBet (US)
119,d33175375c539f73997dc63c4382e74e,Miami Heat,h2h,Atlanta Hawks,Miami Heat,Atlanta Hawks,-118.0,100.0,FanDuel
120,d33175375c539f73997dc63c4382e74e,Miami Heat,spreads,Atlanta Hawks,Miami Heat,Atlanta Hawks,-110.0,-112.0,FanDuel
121,d33175375c539f73997dc63c4382e74e,Miami Heat,h2h,Atlanta Hawks,Miami Heat,Atlanta Hawks,-118.0,-103.0,BetOnline.ag
122,d33175375c539f73997dc63c4382e74e,Miami Heat,spreads,Atlanta Hawks,Miami Heat,Atlanta Hawks,-114.0,-108.0,BetOnline.ag
123,d33175375c539f73997dc63c4382e74e,Miami Heat,h2h,Atlanta Hawks,Miami Heat,Atlanta Hawks,-117.0,-103.0,LowVig.ag
124,d33175375c539f73997dc63c4382e74e,Miami Heat,spreads,Atlanta Hawks,Miami Heat,Atlanta Hawks,-108.0,-102.0,LowVig.ag
125,d33175375c539f73997dc63c4382e74e,Miami Heat,h2h,Atlanta Hawks,Miami Heat,Atlanta Hawks,-120.0,100.0,WynnBET
126,d33175375c539f73997dc63c4382e74e,Miami Heat,spreads,Atlanta Hawks,Miami Heat,Atlanta Hawks,-108.0,-108.0,WynnBET
127,d33175375c539f73997dc63c4382e74e,Miami Heat,h2h,Atlanta Hawks,Miami Heat,Atlanta Hawks,-115.0,-105.0,DraftKings
128,d33175375c539f73997dc63c4382e74e,Miami Heat,spreads,Atlanta Hawks,Miami Heat,Atlanta Hawks,-110.0,-110.0,DraftKings
129,d33175375c539f73997dc63c4382e74e,Miami Heat,h2h,Atlanta Hawks,Miami Heat,Atlanta Hawks,-133.0,100.0,FOX Bet
130,d33175375c539f73997dc63c4382e74e,Miami Heat,spreads,Atlanta Hawks,Miami Heat,Atlanta Hawks,-110.0,-110.0,FOX Bet
131,d33175375c539f73997dc63c4382e74e,Miami Heat,h2h,Atlanta Hawks,Miami Heat,Atlanta Hawks,-115.0,-105.0,PointsBet (US)
132,d33175375c539f73997dc63c4382e74e,Miami Heat,spreads,Atlanta Hawks,Miami Heat,Atlanta Hawks,-110.0,-110.0,PointsBet (US)
133,d33175375c539f73997dc63c4382e74e,Miami Heat,h2h,Atlanta Hawks,Miami Heat,Atlanta Hawks,-115.0,-105.0,William Hill (US)
134,d33175375c539f73997dc63c4382e74e,Miami Heat,spreads,Atlanta Hawks,Miami Heat,Atlanta Hawks,-110.0,-110.0,William Hill (US)
135,d33175375c539f73997dc63c4382e74e,Miami Heat,h2h,Atlanta Hawks,Miami Heat,Atlanta Hawks,-120.0,100.0,BetMGM
136,d33175375c539f73997dc63c4382e74e,Miami Heat,spreads,Atlanta Hawks,Miami Heat,Atlanta Hawks,-110.0,-110.0,BetMGM
137,d33175375c539f73997dc63c4382e74e,Miami Heat,h2h,Atlanta Hawks,Miami Heat,Atlanta Hawks,-115.0,-105.0,GTbets
138,d33175375c539f73997dc63c4382e74e,Miami Heat,spreads,Atlanta Hawks,Miami Heat,Atlanta Hawks,-109.0,-109.0,GTbets
139,d33175375c539f73997dc63c4382e74e,Miami Heat,h2h,Atlanta Hawks,Miami Heat,Atlanta Hawks,-124.0,104.0,BetRivers
140,d33175375c539f73997dc63c4382e74e,Miami Heat,spreads,Atlanta Hawks,Miami Heat,Atlanta Hawks,-114.0,-108.0,BetRivers
141,d33175375c539f73997dc63c4382e74e,Miami Heat,h2h,Atlanta Hawks,Miami Heat,Atlanta Hawks,-124.0,104.0,TwinSpires
142,d33175375c539f73997dc63c4382e74e,Miami Heat,spreads,Atlanta Hawks,Miami Heat,Atlanta Hawks,-114.0,-108.0,TwinSpires
143,d33175375c539f73997dc63c4382e74e,Miami Heat,h2h,Atlanta Hawks,Miami Heat,Atlanta Hawks,-123.0,104.0,Unibet
144,d33175375c539f73997dc63c4382e74e,Miami Heat,spreads,Atlanta Hawks,Miami Heat,Atlanta Hawks,-114.0,-108.0,Unibet
145,d33175375c539f73997dc63c4382e74e,Miami Heat,h2h,Atlanta Hawks,Miami Heat,Atlanta Hawks,-124.0,104.0,SugarHouse
146,d33175375c539f73997dc63c4382e74e,Miami Heat,spreads,Atlanta Hawks,Miami Heat,Atlanta Hawks,-114.0,-108.0,SugarHouse
147,d33175375c539f73997dc63c4382e74e,Miami Heat,h2h,Atlanta Hawks,Miami Heat,Atlanta Hawks,-124.0,104.0,Barstool Sportsbook
148,d33175375c539f73997dc63c4382e74e,Miami Heat,spreads,Atlanta Hawks,Miami Heat,Atlanta Hawks,-114.0,-108.0,Barstool Sportsbook
149,d33175375c539f73997dc63c4382e74e,Miami Heat,spreads,Atlanta Hawks,Miami Heat,Atlanta Hawks,-110.0,-110.0,BetUS
150,d33175375c539f73997dc63c4382e74e,Miami Heat,h2h,Atlanta Hawks,Miami Heat,Atlanta Hawks,-115.0,-105.0,Intertops
151,d33175375c539f73997dc63c4382e74e,Miami Heat,spreads,Atlanta Hawks,Miami Heat,Atlanta Hawks,-115.0,-105.0,Intertops
152,d33175375c539f73997dc63c4382e74e,Miami Heat,h2h,Atlanta Hawks,Miami Heat,Atlanta Hawks,-116.0,108.0,Betfair
153,d33175375c539f73997dc63c4382e74e,Miami Heat,h2h_lay,Atlanta Hawks,Miami Heat,Atlanta Hawks,-109.0,118.0,Betfair
154,d33175375c539f73997dc63c4382e74e,Miami Heat,h2h,Atlanta Hawks,Miami Heat,Atlanta Hawks,-115.0,-105.0,MyBookie.ag
155,d33175375c539f73997dc63c4382e74e,Miami Heat,spreads,Atlanta Hawks,Miami Heat,Atlanta Hawks,-110.0,-110.0,MyBookie.ag
156,3da102746320bce14827087c0e745b06,Milwaukee Bucks,h2h,Chicago Bulls,Milwaukee Bucks,Chicago Bulls,-140.0,120.0,DraftKings
157,3da102746320bce14827087c0e745b06,Milwaukee Bucks,spreads,Chicago Bulls,Milwaukee Bucks,Chicago Bulls,-110.0,-110.0,DraftKings
158,3da102746320bce14827087c0e745b06,Milwaukee Bucks,h2h,Chicago Bulls,Milwaukee Bucks,Chicago Bulls,-143.0,110.0,FOX Bet
159,3da102746320bce14827087c0e745b06,Milwaukee Bucks,spreads,Chicago Bulls,Milwaukee Bucks,Chicago Bulls,100.0,-118.0,FOX Bet
160,3da102746320bce14827087c0e745b06,Milwaukee Bucks,h2h,Chicago Bulls,Milwaukee Bucks,Chicago Bulls,-145.0,120.0,BetMGM
161,3da102746320bce14827087c0e745b06,Milwaukee Bucks,spreads,Chicago Bulls,Milwaukee Bucks,Chicago Bulls,-110.0,-110.0,BetMGM
162,3da102746320bce14827087c0e745b06,Milwaukee Bucks,h2h,Chicago Bulls,Milwaukee Bucks,Chicago Bulls,-138.0,118.0,FanDuel
163,3da102746320bce14827087c0e745b06,Milwaukee Bucks,spreads,Chicago Bulls,Milwaukee Bucks,Chicago Bulls,-110.0,-110.0,FanDuel
164,3da102746320bce14827087c0e745b06,Milwaukee Bucks,h2h,Chicago Bulls,Milwaukee Bucks,Chicago Bulls,-141.0,118.0,Unibet
165,3da102746320bce14827087c0e745b06,Milwaukee Bucks,spreads,Chicago Bulls,Milwaukee Bucks,Chicago Bulls,-106.0,-114.0,Unibet
166,3da102746320bce14827087c0e745b06,Milwaukee Bucks,h2h,Chicago Bulls,Milwaukee Bucks,Chicago Bulls,-141.0,118.0,Barstool Sportsbook
167,3da102746320bce14827087c0e745b06,Milwaukee Bucks,spreads,Chicago Bulls,Milwaukee Bucks,Chicago Bulls,-107.0,-114.0,Barstool Sportsbook
168,3da102746320bce14827087c0e745b06,Milwaukee Bucks,h2h,Chicago Bulls,Milwaukee Bucks,Chicago Bulls,-141.0,118.0,BetRivers
169,3da102746320bce14827087c0e745b06,Milwaukee Bucks,spreads,Chicago Bulls,Milwaukee Bucks,Chicago Bulls,-107.0,-114.0,BetRivers
170,3da102746320bce14827087c0e745b06,Milwaukee Bucks,h2h,Chicago Bulls,Milwaukee Bucks,Chicago Bulls,-141.0,118.0,TwinSpires
171,3da102746320bce14827087c0e745b06,Milwaukee Bucks,spreads,Chicago Bulls,Milwaukee Bucks,Chicago Bulls,-107.0,-114.0,TwinSpires
172,3da102746320bce14827087c0e745b06,Milwaukee Bucks,h2h,Chicago Bulls,Milwaukee Bucks,Chicago Bulls,-141.0,118.0,SugarHouse
173,3da102746320bce14827087c0e745b06,Milwaukee Bucks,spreads,Chicago Bulls,Milwaukee Bucks,Chicago Bulls,-107.0,-114.0,SugarHouse
174,3da102746320bce14827087c0e745b06,Milwaukee Bucks,h2h,Chicago Bulls,Milwaukee Bucks,Chicago Bulls,-135.0,124.0,Betfair
175,3da102746320bce14827087c0e745b06,Milwaukee Bucks,h2h_lay,Chicago Bulls,Milwaukee Bucks,Chicago Bulls,-123.0,136.0,Betfair
176,3da102746320bce14827087c0e745b06,Milwaukee Bucks,h2h,Chicago Bulls,Milwaukee Bucks,Chicago Bulls,-140.0,120.0,LowVig.ag
177,3da102746320bce14827087c0e745b06,Milwaukee Bucks,spreads,Chicago Bulls,Milwaukee Bucks,Chicago Bulls,-105.0,-105.0,LowVig.ag
178,3da102746320bce14827087c0e745b06,Milwaukee Bucks,h2h,Chicago Bulls,Milwaukee Bucks,Chicago Bulls,-141.0,120.0,BetOnline.ag
179,3da102746320bce14827087c0e745b06,Milwaukee Bucks,spreads,Chicago Bulls,Milwaukee Bucks,Chicago Bulls,-111.0,-111.0,BetOnline.ag
180,3da102746320bce14827087c0e745b06,Milwaukee Bucks,h2h,Chicago Bulls,Milwaukee Bucks,Chicago Bulls,-140.0,120.0,William Hill (US)
181,3da102746320bce14827087c0e745b06,Milwaukee Bucks,spreads,Chicago Bulls,Milwaukee Bucks,Chicago Bulls,-110.0,-110.0,William Hill (US)
182,3da102746320bce14827087c0e745b06,Milwaukee Bucks,h2h,Chicago Bulls,Milwaukee Bucks,Chicago Bulls,-140.0,120.0,GTbets
183,3da102746320bce14827087c0e745b06,Milwaukee Bucks,spreads,Chicago Bulls,Milwaukee Bucks,Chicago Bulls,-109.0,-109.0,GTbets
184,3da102746320bce14827087c0e745b06,Milwaukee Bucks,h2h,Chicago Bulls,Milwaukee Bucks,Chicago Bulls,-140.0,120.0,Bovada
185,3da102746320bce14827087c0e745b06,Milwaukee Bucks,spreads,Chicago Bulls,Milwaukee Bucks,Chicago Bulls,-110.0,-110.0,Bovada
186,3da102746320bce14827087c0e745b06,Milwaukee Bucks,h2h,Chicago Bulls,Milwaukee Bucks,Chicago Bulls,-141.0,115.0,WynnBET
187,3da102746320bce14827087c0e745b06,Milwaukee Bucks,spreads,Chicago Bulls,Milwaukee Bucks,Chicago Bulls,-108.0,-108.0,WynnBET
188,3da102746320bce14827087c0e745b06,Milwaukee Bucks,h2h,Chicago Bulls,Milwaukee Bucks,Chicago Bulls,-140.0,120.0,MyBookie.ag
189,3da102746320bce14827087c0e745b06,Milwaukee Bucks,spreads,Chicago Bulls,Milwaukee Bucks,Chicago Bulls,-110.0,-110.0,MyBookie.ag
190,3da102746320bce14827087c0e745b06,Milwaukee Bucks,spreads,Chicago Bulls,Milwaukee Bucks,Chicago Bulls,-110.0,-110.0,BetUS
191,3da102746320bce14827087c0e745b06,Milwaukee Bucks,h2h,Chicago Bulls,Milwaukee Bucks,Chicago Bulls,-140.0,120.0,Intertops
192,3da102746320bce14827087c0e745b06,Milwaukee Bucks,spreads,Chicago Bulls,Milwaukee Bucks,Chicago Bulls,-110.0,-110.0,Intertops
193,3da102746320bce14827087c0e745b06,Milwaukee Bucks,h2h,Chicago Bulls,Milwaukee Bucks,Chicago Bulls,-140.0,120.0,PointsBet (US)
194,3da102746320bce14827087c0e745b06,Milwaukee Bucks,spreads,Chicago Bulls,Milwaukee Bucks,Chicago Bulls,-110.0,-110.0,PointsBet (US)
195,f9513b80a2533875a0d938447550ed0b,Phoenix Suns,h2h,New Orleans Pelicans,Phoenix Suns,New Orleans Pelicans,-125.0,105.0,William Hill (US)
196,f9513b80a2533875a0d938447550ed0b,Phoenix Suns,spreads,New Orleans Pelicans,Phoenix Suns,New Orleans Pelicans,-110.0,-110.0,William Hill (US)
197,f9513b80a2533875a0d938447550ed0b,Phoenix Suns,h2h,New Orleans Pelicans,Phoenix Suns,New Orleans Pelicans,-120.0,102.0,FanDuel
198,f9513b80a2533875a0d938447550ed0b,Phoenix Suns,spreads,New Orleans Pelicans,Phoenix Suns,New Orleans Pelicans,-110.0,-110.0,FanDuel
199,f9513b80a2533875a0d938447550ed0b,Phoenix Suns,h2h,New Orleans Pelicans,Phoenix Suns,New Orleans Pelicans,-135.0,115.0,WynnBET
200,f9513b80a2533875a0d938447550ed0b,Phoenix Suns,spreads,New Orleans Pelicans,Phoenix Suns,New Orleans Pelicans,-108.0,-108.0,WynnBET
201,f9513b80a2533875a0d938447550ed0b,Phoenix Suns,h2h,New Orleans Pelicans,Phoenix Suns,New Orleans Pelicans,-125.0,105.0,Intertops
202,f9513b80a2533875a0d938447550ed0b,Phoenix Suns,spreads,New Orleans Pelicans,Phoenix Suns,New Orleans Pelicans,-110.0,-110.0,Intertops
203,f9513b80a2533875a0d938447550ed0b,Phoenix Suns,h2h,New Orleans Pelicans,Phoenix Suns,New Orleans Pelicans,-133.0,100.0,FOX Bet
204,f9513b80a2533875a0d938447550ed0b,Phoenix Suns,spreads,New Orleans Pelicans,Phoenix Suns,New Orleans Pelicans,100.0,-118.0,FOX Bet
205,f9513b80a2533875a0d938447550ed0b,Phoenix Suns,spreads,New Orleans Pelicans,Phoenix Suns,New Orleans Pelicans,-110.0,-110.0,BetUS
206,f9513b80a2533875a0d938447550ed0b,Phoenix Suns,h2h,New Orleans Pelicans,Phoenix Suns,New Orleans Pelicans,-120.0,100.0,DraftKings
207,f9513b80a2533875a0d938447550ed0b,Phoenix Suns,spreads,New Orleans Pelicans,Phoenix Suns,New Orleans Pelicans,-110.0,-110.0,DraftKings
208,f9513b80a2533875a0d938447550ed0b,Phoenix Suns,h2h,New Orleans Pelicans,Phoenix Suns,New Orleans Pelicans,-125.0,104.0,BetOnline.ag
209,f9513b80a2533875a0d938447550ed0b,Phoenix Suns,spreads,New Orleans Pelicans,Phoenix Suns,New Orleans Pelicans,-111.0,-111.0,BetOnline.ag
210,f9513b80a2533875a0d938447550ed0b,Phoenix Suns,h2h,New Orleans Pelicans,Phoenix Suns,New Orleans Pelicans,-120.0,100.0,BetMGM
211,f9513b80a2533875a0d938447550ed0b,Phoenix Suns,spreads,New Orleans Pelicans,Phoenix Suns,New Orleans Pelicans,-110.0,-110.0,BetMGM
212,f9513b80a2533875a0d938447550ed0b,Phoenix Suns,h2h,New Orleans Pelicans,Phoenix Suns,New Orleans Pelicans,-125.0,105.0,Bovada
213,f9513b80a2533875a0d938447550ed0b,Phoenix Suns,spreads,New Orleans Pelicans,Phoenix Suns,New Orleans Pelicans,-110.0,-110.0,Bovada
214,f9513b80a2533875a0d938447550ed0b,Phoenix Suns,h2h,New Orleans Pelicans,Phoenix Suns,New Orleans Pelicans,-125.0,105.0,GTbets
215,f9513b80a2533875a0d938447550ed0b,Phoenix Suns,spreads,New Orleans Pelicans,Phoenix Suns,New Orleans Pelicans,-109.0,-109.0,GTbets
216,f9513b80a2533875a0d938447550ed0b,Phoenix Suns,h2h,New Orleans Pelicans,Phoenix Suns,New Orleans Pelicans,-125.0,105.0,LowVig.ag
217,f9513b80a2533875a0d938447550ed0b,Phoenix Suns,spreads,New Orleans Pelicans,Phoenix Suns,New Orleans Pelicans,-105.0,-105.0,LowVig.ag
218,f9513b80a2533875a0d938447550ed0b,Phoenix Suns,h2h,New Orleans Pelicans,Phoenix Suns,New Orleans Pelicans,-125.0,105.0,MyBookie.ag
219,f9513b80a2533875a0d938447550ed0b,Phoenix Suns,spreads,New Orleans Pelicans,Phoenix Suns,New Orleans Pelicans,-110.0,-110.0,MyBookie.ag
220,f9513b80a2533875a0d938447550ed0b,Phoenix Suns,h2h,New Orleans Pelicans,Phoenix Suns,New Orleans Pelicans,-125.0,106.0,Betfair
221,f9513b80a2533875a0d938447550ed0b,Phoenix Suns,h2h_lay,New Orleans Pelicans,Phoenix Suns,New Orleans Pelicans,-108.0,126.0,Betfair
222,f9513b80a2533875a0d938447550ed0b,Phoenix Suns,h2h,New Orleans Pelicans,Phoenix Suns,New Orleans Pelicans,-125.0,105.0,PointsBet (US)
223,f9513b80a2533875a0d938447550ed0b,Phoenix Suns,spreads,New Orleans Pelicans,Phoenix Suns,New Orleans Pelicans,-105.0,-115.0,PointsBet (US)
224,f9513b80a2533875a0d938447550ed0b,Phoenix Suns,h2h,New Orleans Pelicans,Phoenix Suns,New Orleans Pelicans,-121.0,102.0,SugarHouse
225,f9513b80a2533875a0d938447550ed0b,Phoenix Suns,spreads,New Orleans Pelicans,Phoenix Suns,New Orleans Pelicans,-110.0,-110.0,SugarHouse
226,f9513b80a2533875a0d938447550ed0b,Phoenix Suns,h2h,New Orleans Pelicans,Phoenix Suns,New Orleans Pelicans,-121.0,102.0,Barstool Sportsbook
227,f9513b80a2533875a0d938447550ed0b,Phoenix Suns,spreads,New Orleans Pelicans,Phoenix Suns,New Orleans Pelicans,-110.0,-110.0,Barstool Sportsbook
228,f9513b80a2533875a0d938447550ed0b,Phoenix Suns,h2h,New Orleans Pelicans,Phoenix Suns,New Orleans Pelicans,-121.0,102.0,TwinSpires
229,f9513b80a2533875a0d938447550ed0b,Phoenix Suns,spreads,New Orleans Pelicans,Phoenix Suns,New Orleans Pelicans,-110.0,-110.0,TwinSpires
230,f9513b80a2533875a0d938447550ed0b,Phoenix Suns,h2h,New Orleans Pelicans,Phoenix Suns,New Orleans Pelicans,-120.0,102.0,Unibet
231,f9513b80a2533875a0d938447550ed0b,Phoenix Suns,spreads,New Orleans Pelicans,Phoenix Suns,New Orleans Pelicans,-110.0,-110.0,Unibet
232,f9513b80a2533875a0d938447550ed0b,Phoenix Suns,h2h,New Orleans Pelicans,Phoenix Suns,New Orleans Pelicans,-121.0,102.0,BetRivers
233,f9513b80a2533875a0d938447550ed0b,Phoenix Suns,spreads,New Orleans Pelicans,Phoenix Suns,New Orleans Pelicans,-110.0,-110.0,BetRivers
234,200f24fa228c33d3bb5bf2034f5267c5,Philadelphia 76ers,h2h,Toronto Raptors,Toronto Raptors,Philadelphia 76ers,125.0,-145.0,William Hill (US)
235,200f24fa228c33d3bb5bf2034f5267c5,Philadelphia 76ers,spreads,Toronto Raptors,Toronto Raptors,Philadelphia 76ers,-110.0,-110.0,William Hill (US)
236,200f24fa228c33d3bb5bf2034f5267c5,Philadelphia 76ers,h2h,Toronto Raptors,Toronto Raptors,Philadelphia 76ers,115.0,-149.0,FOX Bet
237,200f24fa228c33d3bb5bf2034f5267c5,Philadelphia 76ers,spreads,Toronto Raptors,Toronto Raptors,Philadelphia 76ers,-110.0,-110.0,FOX Bet
238,200f24fa228c33d3bb5bf2034f5267c5,Philadelphia 76ers,h2h,Toronto Raptors,Toronto Raptors,Philadelphia 76ers,125.0,-145.0,BetOnline.ag
239,200f24fa228c33d3bb5bf2034f5267c5,Philadelphia 76ers,spreads,Toronto Raptors,Toronto Raptors,Philadelphia 76ers,-111.0,-111.0,BetOnline.ag
240,200f24fa228c33d3bb5bf2034f5267c5,Philadelphia 76ers,h2h,Toronto Raptors,Toronto Raptors,Philadelphia 76ers,122.0,-144.0,FanDuel
241,200f24fa228c33d3bb5bf2034f5267c5,Philadelphia 76ers,spreads,Toronto Raptors,Toronto Raptors,Philadelphia 76ers,-112.0,-108.0,FanDuel
242,200f24fa228c33d3bb5bf2034f5267c5,Philadelphia 76ers,h2h,Toronto Raptors,Toronto Raptors,Philadelphia 76ers,125.0,-145.0,DraftKings
243,200f24fa228c33d3bb5bf2034f5267c5,Philadelphia 76ers,spreads,Toronto Raptors,Toronto Raptors,Philadelphia 76ers,-115.0,-105.0,DraftKings
244,200f24fa228c33d3bb5bf2034f5267c5,Philadelphia 76ers,h2h,Toronto Raptors,Toronto Raptors,Philadelphia 76ers,125.0,-145.0,Intertops
245,200f24fa228c33d3bb5bf2034f5267c5,Philadelphia 76ers,spreads,Toronto Raptors,Toronto Raptors,Philadelphia 76ers,-110.0,-110.0,Intertops
246,200f24fa228c33d3bb5bf2034f5267c5,Philadelphia 76ers,h2h,Toronto Raptors,Toronto Raptors,Philadelphia 76ers,125.0,-145.0,MyBookie.ag
247,200f24fa228c33d3bb5bf2034f5267c5,Philadelphia 76ers,spreads,Toronto Raptors,Toronto Raptors,Philadelphia 76ers,-110.0,-110.0,MyBookie.ag
248,200f24fa228c33d3bb5bf2034f5267c5,Philadelphia 76ers,h2h,Toronto Raptors,Toronto Raptors,Philadelphia 76ers,130.0,-150.0,Bovada
249,200f24fa228c33d3bb5bf2034f5267c5,Philadelphia 76ers,spreads,Toronto Raptors,Toronto Raptors,Philadelphia 76ers,-110.0,-110.0,Bovada
250,200f24fa228c33d3bb5bf2034f5267c5,Philadelphia 76ers,h2h,Toronto Raptors,Toronto Raptors,Philadelphia 76ers,125.0,-149.0,WynnBET
251,200f24fa228c33d3bb5bf2034f5267c5,Philadelphia 76ers,spreads,Toronto Raptors,Toronto Raptors,Philadelphia 76ers,-108.0,-108.0,WynnBET
252,200f24fa228c33d3bb5bf2034f5267c5,Philadelphia 76ers,h2h,Toronto Raptors,Toronto Raptors,Philadelphia 76ers,125.0,-145.0,GTbets
253,200f24fa228c33d3bb5bf2034f5267c5,Philadelphia 76ers,spreads,Toronto Raptors,Toronto Raptors,Philadelphia 76ers,-109.0,-109.0,GTbets
254,200f24fa228c33d3bb5bf2034f5267c5,Philadelphia 76ers,h2h,Toronto Raptors,Toronto Raptors,Philadelphia 76ers,125.0,-145.0,LowVig.ag
255,200f24fa228c33d3bb5bf2034f5267c5,Philadelphia 76ers,spreads,Toronto Raptors,Toronto Raptors,Philadelphia 76ers,-105.0,-105.0,LowVig.ag
256,200f24fa228c33d3bb5bf2034f5267c5,Philadelphia 76ers,h2h,Toronto Raptors,Toronto Raptors,Philadelphia 76ers,125.0,-145.0,BetUS
257,200f24fa228c33d3bb5bf2034f5267c5,Philadelphia 76ers,spreads,Toronto Raptors,Toronto Raptors,Philadelphia 76ers,-110.0,-110.0,BetUS
258,200f24fa228c33d3bb5bf2034f5267c5,Philadelphia 76ers,h2h,Toronto Raptors,Toronto Raptors,Philadelphia 76ers,115.0,-140.0,BetMGM
259,200f24fa228c33d3bb5bf2034f5267c5,Philadelphia 76ers,spreads,Toronto Raptors,Toronto Raptors,Philadelphia 76ers,-110.0,-110.0,BetMGM
260,200f24fa228c33d3bb5bf2034f5267c5,Philadelphia 76ers,h2h,Toronto Raptors,Toronto Raptors,Philadelphia 76ers,125.0,-145.0,PointsBet (US)
261,200f24fa228c33d3bb5bf2034f5267c5,Philadelphia 76ers,spreads,Toronto Raptors,Toronto Raptors,Philadelphia 76ers,-105.0,-115.0,PointsBet (US)
262,200f24fa228c33d3bb5bf2034f5267c5,Philadelphia 76ers,h2h,Toronto Raptors,Toronto Raptors,Philadelphia 76ers,120.0,-143.0,Barstool Sportsbook
263,200f24fa228c33d3bb5bf2034f5267c5,Philadelphia 76ers,spreads,Toronto Raptors,Toronto Raptors,Philadelphia 76ers,-109.0,-112.0,Barstool Sportsbook
264,200f24fa228c33d3bb5bf2034f5267c5,Philadelphia 76ers,h2h,Toronto Raptors,Toronto Raptors,Philadelphia 76ers,120.0,-143.0,BetRivers
265,200f24fa228c33d3bb5bf2034f5267c5,Philadelphia 76ers,spreads,Toronto Raptors,Toronto Raptors,Philadelphia 76ers,-109.0,-112.0,BetRivers
266,200f24fa228c33d3bb5bf2034f5267c5,Philadelphia 76ers,h2h,Toronto Raptors,Toronto Raptors,Philadelphia 76ers,120.0,-143.0,TwinSpires
267,200f24fa228c33d3bb5bf2034f5267c5,Philadelphia 76ers,spreads,Toronto Raptors,Toronto Raptors,Philadelphia 76ers,-109.0,-112.0,TwinSpires
268,200f24fa228c33d3bb5bf2034f5267c5,Philadelphia 76ers,h2h,Toronto Raptors,Toronto Raptors,Philadelphia 76ers,120.0,-143.0,SugarHouse
269,200f24fa228c33d3bb5bf2034f5267c5,Philadelphia 76ers,spreads,Toronto Raptors,Toronto Raptors,Philadelphia 76ers,-109.0,-112.0,SugarHouse
270,200f24fa228c33d3bb5bf2034f5267c5,Philadelphia 76ers,h2h,Toronto Raptors,Toronto Raptors,Philadelphia 76ers,128.0,-141.0,Betfair
271,200f24fa228c33d3bb5bf2034f5267c5,Philadelphia 76ers,h2h_lay,Toronto Raptors,Toronto Raptors,Philadelphia 76ers,142.0,-127.0,Betfair
272,200f24fa228c33d3bb5bf2034f5267c5,Philadelphia 76ers,h2h,Toronto Raptors,Toronto Raptors,Philadelphia 76ers,120.0,-143.0,Unibet
273,200f24fa228c33d3bb5bf2034f5267c5,Philadelphia 76ers,spreads,Toronto Raptors,Toronto Raptors,Philadelphia 76ers,-109.0,-111.0,Unibet
274,d80ec53b49c8870b7804b37cdb7891e6,Boston Celtics,h2h,Brooklyn Nets,Brooklyn Nets,Boston Celtics,-165.0,145.0,DraftKings
275,d80ec53b49c8870b7804b37cdb7891e6,Boston Celtics,spreads,Brooklyn Nets,Brooklyn Nets,Boston Celtics,-115.0,-105.0,DraftKings
276,d80ec53b49c8870b7804b37cdb7891e6,Boston Celtics,h2h,Brooklyn Nets,Brooklyn Nets,Boston Celtics,-164.0,138.0,FanDuel
277,d80ec53b49c8870b7804b37cdb7891e6,Boston Celtics,spreads,Brooklyn Nets,Brooklyn Nets,Boston Celtics,-110.0,-110.0,FanDuel
278,d80ec53b49c8870b7804b37cdb7891e6,Boston Celtics,h2h,Brooklyn Nets,Brooklyn Nets,Boston Celtics,-165.0,145.0,LowVig.ag
279,d80ec53b49c8870b7804b37cdb7891e6,Boston Celtics,spreads,Brooklyn Nets,Brooklyn Nets,Boston Celtics,-110.0,100.0,LowVig.ag
280,d80ec53b49c8870b7804b37cdb7891e6,Boston Celtics,h2h,Brooklyn Nets,Brooklyn Nets,Boston Celtics,-167.0,145.0,BetOnline.ag
281,d80ec53b49c8870b7804b37cdb7891e6,Boston Celtics,spreads,Brooklyn Nets,Brooklyn Nets,Boston Celtics,-115.0,-105.0,BetOnline.ag
282,d80ec53b49c8870b7804b37cdb7891e6,Boston Celtics,h2h,Brooklyn Nets,Brooklyn Nets,Boston Celtics,-175.0,150.0,William Hill (US)
283,d80ec53b49c8870b7804b37cdb7891e6,Boston Celtics,spreads,Brooklyn Nets,Brooklyn Nets,Boston Celtics,-110.0,-110.0,William Hill (US)
284,d80ec53b49c8870b7804b37cdb7891e6,Boston Celtics,h2h,Brooklyn Nets,Brooklyn Nets,Boston Celtics,-164.0,135.0,WynnBET
285,d80ec53b49c8870b7804b37cdb7891e6,Boston Celtics,spreads,Brooklyn Nets,Brooklyn Nets,Boston Celtics,-108.0,-108.0,WynnBET
286,d80ec53b49c8870b7804b37cdb7891e6,Boston Celtics,h2h,Brooklyn Nets,Brooklyn Nets,Boston Celtics,-182.0,135.0,FOX Bet
287,d80ec53b49c8870b7804b37cdb7891e6,Boston Celtics,spreads,Brooklyn Nets,Brooklyn Nets,Boston Celtics,-110.0,-110.0,FOX Bet
288,d80ec53b49c8870b7804b37cdb7891e6,Boston Celtics,h2h,Brooklyn Nets,Brooklyn Nets,Boston Celtics,-175.0,145.0,BetMGM
289,d80ec53b49c8870b7804b37cdb7891e6,Boston Celtics,spreads,Brooklyn Nets,Brooklyn Nets,Boston Celtics,-110.0,-110.0,BetMGM
290,d80ec53b49c8870b7804b37cdb7891e6,Boston Celtics,h2h,Brooklyn Nets,Brooklyn Nets,Boston Celtics,-170.0,145.0,MyBookie.ag
291,d80ec53b49c8870b7804b37cdb7891e6,Boston Celtics,spreads,Brooklyn Nets,Brooklyn Nets,Boston Celtics,-110.0,-110.0,MyBookie.ag
292,d80ec53b49c8870b7804b37cdb7891e6,Boston Celtics,h2h,Brooklyn Nets,Brooklyn Nets,Boston Celtics,-165.0,140.0,Bovada
293,d80ec53b49c8870b7804b37cdb7891e6,Boston Celtics,spreads,Brooklyn Nets,Brooklyn Nets,Boston Celtics,-110.0,-110.0,Bovada
294,d80ec53b49c8870b7804b37cdb7891e6,Boston Celtics,h2h,Brooklyn Nets,Brooklyn Nets,Boston Celtics,-170.0,145.0,GTbets
295,d80ec53b49c8870b7804b37cdb7891e6,Boston Celtics,spreads,Brooklyn Nets,Brooklyn Nets,Boston Celtics,-109.0,-109.0,GTbets
296,d80ec53b49c8870b7804b37cdb7891e6,Boston Celtics,h2h,Brooklyn Nets,Brooklyn Nets,Boston Celtics,-165.0,145.0,BetUS
297,d80ec53b49c8870b7804b37cdb7891e6,Boston Celtics,spreads,Brooklyn Nets,Brooklyn Nets,Boston Celtics,-110.0,-110.0,BetUS
298,d80ec53b49c8870b7804b37cdb7891e6,Boston Celtics,h2h,Brooklyn Nets,Brooklyn Nets,Boston Celtics,-165.0,145.0,Intertops
299,d80ec53b49c8870b7804b37cdb7891e6,Boston Celtics,spreads,Brooklyn Nets,Brooklyn Nets,Boston Celtics,-110.0,-110.0,Intertops
300,d80ec53b49c8870b7804b37cdb7891e6,Boston Celtics,h2h,Brooklyn Nets,Brooklyn Nets,Boston Celtics,-171.0,140.0,PointsBet (US)
301,d80ec53b49c8870b7804b37cdb7891e6,Boston Celtics,spreads,Brooklyn Nets,Brooklyn Nets,Boston Celtics,-115.0,-105.0,PointsBet (US)
302,d80ec53b49c8870b7804b37cdb7891e6,Boston Celtics,h2h,Brooklyn Nets,Brooklyn Nets,Boston Celtics,-175.0,140.0,Barstool Sportsbook
303,d80ec53b49c8870b7804b37cdb7891e6,Boston Celtics,spreads,Brooklyn Nets,Brooklyn Nets,Boston Celtics,-112.0,-109.0,Barstool Sportsbook
304,d80ec53b49c8870b7804b37cdb7891e6,Boston Celtics,h2h,Brooklyn Nets,Brooklyn Nets,Boston Celtics,-175.0,140.0,BetRivers
305,d80ec53b49c8870b7804b37cdb7891e6,Boston Celtics,spreads,Brooklyn Nets,Brooklyn Nets,Boston Celtics,-112.0,-109.0,BetRivers
306,d80ec53b49c8870b7804b37cdb7891e6,Boston Celtics,h2h,Brooklyn Nets,Brooklyn Nets,Boston Celtics,-175.0,140.0,TwinSpires
307,d80ec53b49c8870b7804b37cdb7891e6,Boston Celtics,spreads,Brooklyn Nets,Brooklyn Nets,Boston Celtics,-112.0,-109.0,TwinSpires
308,d80ec53b49c8870b7804b37cdb7891e6,Boston Celtics,h2h,Brooklyn Nets,Brooklyn Nets,Boston Celtics,-175.0,140.0,SugarHouse
309,d80ec53b49c8870b7804b37cdb7891e6,Boston Celtics,spreads,Brooklyn Nets,Brooklyn Nets,Boston Celtics,-112.0,-109.0,SugarHouse
310,d80ec53b49c8870b7804b37cdb7891e6,Boston Celtics,h2h,Brooklyn Nets,Brooklyn Nets,Boston Celtics,-161.0,152.0,Betfair
311,d80ec53b49c8870b7804b37cdb7891e6,Boston Celtics,h2h_lay,Brooklyn Nets,Brooklyn Nets,Boston Celtics,-154.0,162.0,Betfair
312,d80ec53b49c8870b7804b37cdb7891e6,Boston Celtics,h2h,Brooklyn Nets,Brooklyn Nets,Boston Celtics,-172.0,140.0,Unibet
313,d80ec53b49c8870b7804b37cdb7891e6,Boston Celtics,spreads,Brooklyn Nets,Brooklyn Nets,Boston Celtics,-111.0,-109.0,Unibet
